{
    "id": 0,
    "lastModified": 1732562277,
    "max_new_tokens": 2048.0,
    "min_length": 0.0,
    "name": "default",
    "random_seed": 42,
    "systemPrompt": "You are a helpful assistant.",
    "temperature": 0.699999988079071,
    "top_k": 50.0,
    "top_p": 0.8999999761581421
}